Elisa Miles,LR04,Leather Sofa,25.00
Edward Data,KT78,Kitchen Table,10.00
Alex Gonzales,BR02,Queen Mattress,17.00
Elisa Miles,LR04,Leather Sofa,25.00
Edward Data,KT78,Kitchen Table,10.00
Alex Gonzales,BR02,Queen Mattress,17.00
Elisa Miles,LR04,Leather Sofa,25.00
Edward Data,KT78,Kitchen Table,10.00
Alex Gonzales,BR02,Queen Mattress,17.00
Elisa Miles,LR04,Leather Sofa,25.00
Edward Data,KT78,Kitchen Table,10.00
Alex Gonzales,BR02,Queen Mattress,17.00
Elisa Miles,LR04,Leather Sofa,25.00
Edward Data,KT78,Kitchen Table,10.00
Alex Gonzales,BR02,Queen Mattress,17.00
Elisa Miles,LR04,Leather Sofa,25.00
Edward Data,KT78,Kitchen Table,10.00
Alex Gonzales,BR02,Queen Mattress,17.00
Elisa Miles,LR04,Leather Sofa,25.00
Edward Data,KT78,Kitchen Table,10.00
Alex Gonzales,BR02,Queen Mattress,17.00
Kev Cav,LR01,Small lamp,7.50
Kev Cav,LR02,Television,28.00
Kev Cav,BR07,LED lamp,5.50
Kev Cav,KT08,Basic refrigerator,40.00
